perturbation,Reference (Pubmed ID),Annotation_summary,effect_direction,Annotation_1,Annotation_2,Annotation_3,,Included in CellOracle lit review?
Batf3,31921109,DC,GoF promotes differentiation,"DC differentiation phenotype was reported, but myeloid differentiation phenotype is unknown.",,,,yes
Mef2c,"19221552, 18326819, 23435431",GM,,Cell fate switch between myeloid and lymphoid,,,,yes
Irf1,"25185711, 9389691, 15385939",GM,,GMP,"Negative role in erythroid differentiation, GMP differentiation",,,yes
Cebpa,18295580,GM,,GMP,Cell fate switch between MEP and GMP,,,yes
Elf1,"20525788, 15767686",GM,,Negative role in erythroid differentiation,PU.1 target gene,,,yes
Nfic,"24041575, 25258084",GM,,GMP,Mk differentiation,"Stemness, self-renewal",,yes
Sfpi1,"18295580, 15621533",GM,,GMP,Cell fate switch between MEP and GMP,,,yes
Irf8,17259967,GM,,GMP,Monocyte differentiation,,,yes
Klf4,17762869,GM,,GMP,Monocyte differentiation,,,yes
Nfkb1,19380823,GM,,GMP,Granulocyte,,,yes
Tcfec,"19379700, 15908341",GM,,"Macrophage, granulocyte","Stemness, self-renewal",,,yes
Gfi1,"20861919, 23226623, 18295580, 28401061",GM,,Granulocyte,,,,yes
Cebpe,18295580,GM,,GMP,Granulocyte,,,yes
Fos,26296889,GM,,Granulocyte,Knockdown rescues neutrophil defects in other mutants,,,no
E2f4,"16861343, 10983976","GM & ME, stemness",,"Stemness, self-renewal, cell cycle","Erythroid differentiation, hematopoiesis cell cycle",,,yes
Gata2,"18295580, 18295580","GM & ME, stemness",,"Stemness, self-renewal, cell cycle",MEP,,,yes
Myc,"15545632, 19372257","GM & ME, stemness",,"Stemness, self-renewal, cell cycle","MEP, Mk, Erythroid fate",,,yes
Nfe2,28648895,"GM & ME, stemness",,"Stemness, self-renewal, cell cycle",MEP,,,yes
Fli1,"18295580, 23320737, 15367440, 35412146","GM & ME, stemness",,Cell fate switch between Mk and Erythroid,"Monocyte, Granulocyte",,,yes
Zbtb7a,"19853566, 32525064","GM & ME, stemness",,Erythroid differentiation,Differentiation in all lineages,,,yes
Stat3,"23797472, 20581311","GM & ME, stemness",,Granulocyte differentiation,"Stemness, self-renewal",,,yes
Nfe2l2,"23434824, 25721735","GM & ME, stemness",,"Stemness, self-renewal, cell cycle",Relatively broad biological functions,,,yes
Myb,"29704633, 20686118","GM & ME, stemness",,"Stemness, self-renewal, cell cycle",Erythroid differentiation,,,yes
Etv6,"19302286, 15371326","GM & ME, stemness",,"Stemness, self-renewal, cell cycle",Erythroid differentiation,,,yes
Ybx1,21369783,"GM & ME, stemness",,"Stemness, self-renewal, cell cycle",Relatively broad biological functions,Mk differentiation,,yes
Chd2,"31900031, 19137022","GM & ME, stemness",,"Stemness, self-renewal, cell cycle","Erythroid differentiation, Mk differentiation",,,yes
Cxxc1,25470594,"GM & ME, stemness",,"Stemness, self-renewal, cell cycle",Relatively broad biological functions,,,yes
Runx1,"18295580, 31431533, 18250229","GM & ME, stemness",,"Stemness, self-renewal, cell cycle",,,,yes
Bcl11a,"27653684, 26387834","GM & ME, stemness",,"Stemness, self-renewal, cell cycle",,,,yes
Nfia,"24041575, 19542302","GM & ME, stemness",,"Erythroid differentiation, granulocyte differentiation","Stemness, self-renewal",,,yes
Lmo2,"18295580, 24041784","GM & ME, stemness",,"Stemness, self-renewal, cell cycle",Erythroid differentiation,,,yes
Foxp1,28232582,"GM & ME, stemness",,"Stemness, self-renewal, cell cycle",,,,yes
Smarcc1,"29596882, 33207205, 25789315","GM & ME, stemness",,"Stemness, self-renewal",Chromatin remodeling,,,yes
Nfya,16081537,"GM & ME, stemness",,"Stemness, self-renewal",,,,yes
Smarca5,28276606,"GM & ME, stemness",,Broad cell function,"ATPase, chromatin remodeling","Stemness, self-renewal",,yes
Cbx5,,"GM & ME, stemness",,"Stemness, self-renewal",Chromatin remodeling,,,yes
Nfatc3,"22311511, 25100642, 29515759","GM & ME, stemness",,Cell cycle,"GMP differentiation, erythroid differentiation",,,yes
Stat1,"15213094, 23797472","GM & ME, stemness",,"Stemness, self-renewal",Erythroid differentiation,,,yes
Runx2,19179305,"GM & ME, stemness",,"Stemness, self-renewal",,,,yes
Smarcc2,"25789315, 28369036","GM & ME, stemness",,Chromatin remodeling,Granulocyte,,,yes
Ezh2,"26497210, 26219303","GM & ME, stemness",,Chromatin remodeling,"Stemness, self-renewal",,,yes
Cux1,29592892,"GM & ME, stemness",,"Stemness, self-renewal",,,,yes
Bptf,29456179,"GM & ME, stemness",,Chromatin remodeling,,,,yes
Rel,10518539,"GM & ME, stemness",,"Stemness, self-renewal",,,,yes
Irf2,19483695,"GM & ME, stemness",,"Stemness, self-renewal",,,,yes
Rara,21364283,"GM & ME, stemness",,"Stemness, self-renewal",,,,yes
Klf1,"18295580, 23361909",ME,,MEP,Erythroid differentiation,,,yes
Gata1,"18295580, 15621534",ME,,MEP,Erythroid differentiation,,,yes
Ets1,"16294212, 23927967",ME,,MEP,"Erythroid differentiation, Mk differentiation","Stemness, self-renewal",,yes
Stat5a,"18239084, 24498540",ME,,MEP,Erythroid differentiation,,,yes
Gfi1b,"18295580, 28401061",ME,,MEP,Erythroid differentiation,,,yes
Arhgef12,31467124,ME,,MEP,Erythroid differentiation,,,yes
Hoxa7,23212154,ME,,MEP,,,,yes
Hoxa5,23212154,ME,,MEP,,,,yes
Nfatc2,21750088,ME,,,,,,yes
Meis1,25107888,ME,,Silencing MEIS1 expression in progenitor cells induced a block in erythroid expansion and decreased megakaryocytic colony formation capacity.,,,,yes
Nfatc1,"23446734, 30150396, 29515759",ME,,"Megakaryocyte, erythrocyte",,,,no
Tbx21,26607595,ME,,Megakaryocyte,,,,no
Gata3,11495703,ME,,"Megakaryocyte, erythrocyte",Overexpression blocks GM in favor of ME fates,,,no
Prdm16,31270104,ME,,"Megakaryocyte, erythrocyte",,,,no
Jun,"15314183, 36104445",ME,,Erythroid differentiation and other functions,,,,no
Herpud1,,No known role,,,,,,yes
Elk3,,No known role,,,,,,yes
Brf1,,No known role,,,,,,yes
Zbtb1,22201126,No known role,,Gene role in myeloid differentiation is unknown,Lymphoid development,,,yes
Irf9,,No known role,,,,,,yes
Itgb2,,No known role,,,,,,yes
Klf6,,No known role,,,,,,yes
Zfp238,,No known role,,,,,,yes
Id2,,No known role,,,,,,yes
Zbtb16,,No known role,,,,,,yes
Arid5a,,No known role,,,,,,yes
Sox4,,No known role,,,,,,yes
Bhlha15,,No known role,,,,,,yes
Klf2,"25150253, 17675555",No known role,,"Embryonic Erythroid precursor formation, but not adult hematopoiesis",,,,yes
Ikzf2,,No known role,,,,,,yes
Sp100,,No known role,,,,,,yes
Hlf,29262330,No known role,,"LOF experiment showed phenotype in serial transplantation assay, but no effect on normal hematopoiesis.",,,,yes
Phf21a,,No known role,,,,,,yes
Prdm5,,No known role,,,,,,yes
Irf7,,No known role,,,,,,yes
Zfhx3,,No known role,,,,,,yes
Hivep2,,No known role,,,,,,yes
Tcf7,,No known role,,,,,,yes
Sox13,17218525,No known role,,"T-lymphocyte differentiation phenotype was reported, but myeloid differentiation phenotype is unknown.",,,,yes
Pbx1,,No known role,,,,,,yes
Stat4,15888914,No known role,,"Involved in immune response, but role is unknown in differentiation.",,,,yes
Foxo1,21541992,No known role,,"Involved in stress response, but role is unknown in differentiation.",,,,yes
Hnf4a,,No known role,,,,,,yes
Nfat5,,No known role,,,,,,yes
Mycn,,No known role,,,,,,yes
Zbtb4,,No known role,,,,,,yes
Egr1,,No known role,,,,,,yes
Pou2f2,,No known role,,,,,,no
Ikzf3,,No known role,,,,,,no
Bhlhe40,,No known role,,,,,,no
Relb,28348230,No known role,,,"Relb has effects on myeloid cells, but the effects are not cell-autonomous.",,,no
Snai3,,No known role,,,,,,no
Irf5,,No known role,,,"May affect balance between neutrophils and erythroid lineage, but effect is not cell-autonomous and the work is not on PubMed to cite. DOI: 10.4049/jimmunol.204.Supp.63.1",,,no
Zic4,,No known role,,,,,,no
Rarg,24383846,No known role,,,Effect on erythroipoiesis does not operate in erythroids themselves,,,no
Eomes,,No known role,,,,,,no
Lin28b,,Not reviewed,,,,,,no
Tbx2,,Not reviewed,,,,,,no
Dmtf1,,Not reviewed,,,,,,no
Irx4,,Not reviewed,,,,,,no
Irf3,,Not reviewed,,,,,,no
Gm14391,,Not reviewed,,,,,,no
Zfp507,,Not reviewed,,,,,,no
Zfp981,,Not reviewed,,,,,,no
Zfx,,Not reviewed,,,,,,no
Gm5141,,Not reviewed,,,,,,no
Tef,,Not reviewed,,,,,,no
Rhox3h,,Not reviewed,,,,,,no
Bnc2,,Not reviewed,,,,,,no
Meox1,,Not reviewed,,,,,,no
Zfp775,,Not reviewed,,,,,,no
Foxj1,,Not reviewed,,,,,,no
Zfp619,,Not reviewed,,,,,,no
Sebox,,Not reviewed,,,,,,no
Gm17067,,Not reviewed,,,,,,no
Creb1,,Not reviewed,,,,,,no
Atoh7,,Not reviewed,,,,,,no
Gm14124,,Not reviewed,,,,,,no
Tfap2b,,Not reviewed,,,,,,no
Zfp729a,,Not reviewed,,,,,,no
Hoxc11,,Not reviewed,,,,,,no
Zfp871,,Not reviewed,,,,,,no
Zfp277,,Not reviewed,,,,,,no
Rhox3e,,Not reviewed,,,,,,no
Bbx,,Not reviewed,,,,,,no
Zfp59,,Not reviewed,,,,,,no
Tfec,,Not reviewed,,,,,,no
Tfam,,Not reviewed,,,,,,no
Zfp786,,Not reviewed,,,,,,no
Dmrtb1,,Not reviewed,,,,,,no
Zfp369,,Not reviewed,,,,,,no
Jdp2,,Not reviewed,,,,,,no
Zbtb21,,Not reviewed,,,,,,no
Tox3,,Not reviewed,,,,,,no
Arx,,Not reviewed,,,,,,no
Thap7,,Not reviewed,,,,,,no
Zfp26,,Not reviewed,,,,,,no
Foxh1,,Not reviewed,,,,,,no
Pou4f2,,Not reviewed,,,,,,no
Satb2,,Not reviewed,,,,,,no
Rhox2d,,Not reviewed,,,,,,no
Zfp827,,Not reviewed,,,,,,no
Gm9048,,Not reviewed,,,,,,no
Lhx1,,Not reviewed,,,,,,no
Klf13,,Not reviewed,,,,,,no
Zfp997,,Not reviewed,,,,,,no
Pou3f1,,Not reviewed,,,,,,no
Zfp874b,,Not reviewed,,,,,,no
Sall2,,Not reviewed,,,,,,no
Batf,,Not reviewed,,,,,,no
Nfatc4,,Not reviewed,,,,,,no
Trps1,,Not reviewed,,,,,,no
Klf9,,Not reviewed,,,,,,no
Rfx6,,Not reviewed,,,,,,no
Sall1,,Not reviewed,,,,,,no
Zbtb14,,Not reviewed,,,,,,no
Sp1,,Not reviewed,,,,,,no
Egr4,,Not reviewed,,,,,,no
Rfx1,,Not reviewed,,,,,,no
Hoxb3,,Not reviewed,,,,,,no
Nr1d1,,Not reviewed,,,,,,no
Ikzf5,,Not reviewed,,,,,,no
Zfp541,,Not reviewed,,,,,,no
Zfp366,,Not reviewed,,,,,,no
Sox12,,Not reviewed,,,,,,no
Tbx18,,Not reviewed,,,,,,no
Deaf1,,Not reviewed,,,,,,no
Rbak,,Not reviewed,,,,,,no
Setdb1,,Not reviewed,,,,,,no
B020011L13Rik,,Not reviewed,,,,,,no
Zbtb40,,Not reviewed,,,,,,no
Gm14444,,Not reviewed,,,,,,no
Lbx2,,Not reviewed,,,,,,no
Mxd4,,Not reviewed,,,,,,no
Zeb1,,Not reviewed,,,,,,no
Neurog3,,Not reviewed,,,,,,no
Tead3,,Not reviewed,,,,,,no
Esx1,,Not reviewed,,,,,,no
Nkx3-2,,Not reviewed,,,,,,no
Zfp160,,Not reviewed,,,,,,no
Prox1,,Not reviewed,,,,,,no
AW146154,,Not reviewed,,,,,,no
Otx2,,Not reviewed,,,,,,no
Ferd3l,,Not reviewed,,,,,,no
Zfp54,,Not reviewed,,,,,,no
Zfp84,,Not reviewed,,,,,,no
Stat2,,Not reviewed,,,,,,no
Msx2,,Not reviewed,,,,,,no
Pdx1,,Not reviewed,,,,,,no
Mier2,,Not reviewed,,,,,,no
Tead4,,Not reviewed,,,,,,no
Six2,,Not reviewed,,,,,,no
Tfap2c,,Not reviewed,,,,,,no
Insm1,,Not reviewed,,,,,,no
Sox15,,Not reviewed,,,,,,no
Zfp949,,Not reviewed,,,,,,no
Dach1,,Not reviewed,,,,,,no
Mxi1,,Not reviewed,,,,,,no
Hsf3,,Not reviewed,,,,,,no
Id4,,Not reviewed,,,,,,no
Zfp174,,Not reviewed,,,,,,no
Zfp970,,Not reviewed,,,,,,no
Zfp617,,Not reviewed,,,,,,no
Smad5,,Not reviewed,,,,,,no
Rlf,,Not reviewed,,,,,,no
Nkx6-2,,Not reviewed,,,,,,no
Jazf1,,Not reviewed,,,,,,no
Gm2381,,Not reviewed,,,,,,no
Zic3,,Not reviewed,,,,,,no
Zfp119b,,Not reviewed,,,,,,no
Gsx1,,Not reviewed,,,,,,no
Rhox1,,Not reviewed,,,,,,no
Zbtb20,,Not reviewed,,,,,,no
Zfp989,,Not reviewed,,,,,,no
Neurod1,,Not reviewed,,,,,,no
Foxb2,,Not reviewed,,,,,,no
Foxn3,,Not reviewed,,,,,,no
Erfl,,Not reviewed,,,,,,no
Tbx15,,Not reviewed,,,,,,no
Hey2,,Not reviewed,,,,,,no
Pou5f2,,Not reviewed,,,,,,no
Sox9,,Not reviewed,,,,,,no
Zbtb45,,Not reviewed,,,,,,no
Gm4125,,Not reviewed,,,,,,no
Nr1h4,,Not reviewed,,,,,,no
Zfp457,,Not reviewed,,,,,,no
Tlx1,,Not reviewed,,,,,,no
Pias2,,Not reviewed,,,,,,no
Zfp791,,Not reviewed,,,,,,no
Zfp943,,Not reviewed,,,,,,no
Zfp873,,Not reviewed,,,,,,no
Zkscan1,,Not reviewed,,,,,,no
Zfp112,,Not reviewed,,,,,,no
Hes7,,Not reviewed,,,,,,no
Hivep1,,Not reviewed,,,,,,no
Zfp976,,Not reviewed,,,,,,no
Camta1,,Not reviewed,,,,,,no
Tfcp2l1,,Not reviewed,,,,,,no
Smad7,,Not reviewed,,,,,,no
Zfp74,,Not reviewed,,,,,,no
Nkx2-1,,Not reviewed,,,,,,no
Foxo6,,Not reviewed,,,,,,no
Hinfp,,Not reviewed,,,,,,no
Hmga2,,Not reviewed,,,,,,no
Zfp982,,Not reviewed,,,,,,no
Zfp282,,Not reviewed,,,,,,no
Hmga1b,,Not reviewed,,,,,,no
Creb3,,Not reviewed,,,,,,no
Thap3,,Not reviewed,,,,,,no
Rest,,Not reviewed,,,,,,no
Ikzf4,,Not reviewed,,,,,,no
Atf6,,Not reviewed,,,,,,no
Zfp9,,Not reviewed,,,,,,no
Zfp68,,Not reviewed,,,,,,no
Ar,,Not reviewed,,,,,,no
Zfp455,,Not reviewed,,,,,,no
Obox5,,Not reviewed,,,,,,no
Zkscan14,,Not reviewed,,,,,,no
Tbx22,,Not reviewed,,,,,,no
Zfp986,,Not reviewed,,,,,,no
Rxra,,Not reviewed,,,,,,no
Nfe2l3,,Not reviewed,,,,,,no
Ahrr,,Not reviewed,,,,,,no
Snai2,,Not reviewed,,,,,,no
Zfp148,,Not reviewed,,,,,,no
Rbpjl,,Not reviewed,,,,,,no
Emx2,,Not reviewed,,,,,,no
Zbtb25,,Not reviewed,,,,,,no
Dlx2,,Not reviewed,,,,,,no
Sim1,,Not reviewed,,,,,,no
Creb3l3,,Not reviewed,,,,,,no
Otp,,Not reviewed,,,,,,no
Pou2f3,,Not reviewed,,,,,,no
Gm11007,,Not reviewed,,,,,,no
4932411N23Rik,,Not reviewed,,,,,,no
Foxn2,,Not reviewed,,,,,,no
Zfp995,,Not reviewed,,,,,,no
Zfp977,,Not reviewed,,,,,,no
E2f7,,Not reviewed,,,,,,no
Mafb,,Not reviewed,,,,,,no
Patz1,,Not reviewed,,,,,,no
Hoxc9,,Not reviewed,,,,,,no
Zfp40,,Not reviewed,,,,,,no
Gm14443,,Not reviewed,,,,,,no
Csrnp3,,Not reviewed,,,,,,no
Npas2,,Not reviewed,,,,,,no
Hoxd13,,Not reviewed,,,,,,no
Zfp110,,Not reviewed,,,,,,no
Hmgb3,,Not reviewed,,,,,,no
Gtf2ird2,,Not reviewed,,,,,,no
Zfp954,,Not reviewed,,,,,,no
Mycl,,Not reviewed,,,,,,no
Dmrtc2,,Not reviewed,,,,,,no
Hmx2,,Not reviewed,,,,,,no
Barx2,,Not reviewed,,,,,,no
Zfat,,Not reviewed,,,,,,no
Sall4,,Not reviewed,,,,,,no
Zfp719,,Not reviewed,,,,,,no
Zbtb7b,,Not reviewed,,,,,,no
Tcf7l2,,Not reviewed,,,,,,no
Rhox10,,Not reviewed,,,,,,no
Tcf21,,Not reviewed,,,,,,no
Yy1,,Not reviewed,,,,,,no
Vax1,,Not reviewed,,,,,,no
Lmx1b,,Not reviewed,,,,,,no
Gm17655,,Not reviewed,,,,,,no
Arnt2,,Not reviewed,,,,,,no
Zkscan3,,Not reviewed,,,,,,no
Rfx3,,Not reviewed,,,,,,no
Zfp748,,Not reviewed,,,,,,no
Cbfb,,Not reviewed,,,,,,no
Zfp2,,Not reviewed,,,,,,no
Zfy1,,Not reviewed,,,,,,no
Zfp534,,Not reviewed,,,,,,no
Egr2,,Not reviewed,,,,,,no
Zfp78,,Not reviewed,,,,,,no
Gm14434,,Not reviewed,,,,,,no
Etv2,,Not reviewed,,,,,,no
Lmx1a,,Not reviewed,,,,,,no
Etv3l,,Not reviewed,,,,,,no
Zfp622,,Not reviewed,,,,,,no
2610044O15Rik8,,Not reviewed,,,,,,no
Mybl1,,Not reviewed,,,,,,no
Lhx3,,Not reviewed,,,,,,no
Zfp626,,Not reviewed,,,,,,no
Neurod4,,Not reviewed,,,,,,no
Zfp683,,Not reviewed,,,,,,no
Hoxb2,,Not reviewed,,,,,,no
Hoxd10,,Not reviewed,,,,,,no
Hoxb6,,Not reviewed,,,,,,no
Nr1h5,,Not reviewed,,,,,,no
Jarid2,,Not reviewed,,,,,,no
Dmrta1,,Not reviewed,,,,,,no
Rhox2e,,Not reviewed,,,,,,no
Zfp384,,Not reviewed,,,,,,no
Zfp868,,Not reviewed,,,,,,no
Jund,,Not reviewed,,,,,,no
Zzz3,,Not reviewed,,,,,,no
Sox30,,Not reviewed,,,,,,no
Zfp780b,,Not reviewed,,,,,,no
Mier1,,Not reviewed,,,,,,no
Myog,,Not reviewed,,,,,,no
Rex2,,Not reviewed,,,,,,no
Maf,,Not reviewed,,,,,,no
Dmrt1,,Not reviewed,,,,,,no
Klf7,,Not reviewed,,,,,,no
Zscan4-ps3,,Not reviewed,,,,,,no
Spdef,,Not reviewed,,,,,,no
Nkx2-6,,Not reviewed,,,,,,no
Zfp992,,Not reviewed,,,,,,no
Zfp580,,Not reviewed,,,,,,no
Rhox4a2,,Not reviewed,,,,,,no
Rhox4a,,Not reviewed,,,,,,no
Klf3,,Not reviewed,,,,,,no
Ctcfl,,Not reviewed,,,,,,no
Zscan4f,,Not reviewed,,,,,,no
Tsc22d3,,Not reviewed,,,,,,no
Gm9376,,Not reviewed,,,,,,no
Zfp41,,Not reviewed,,,,,,no
9130019O22Rik,,Not reviewed,,,,,,no
Gm44973,,Not reviewed,,,,,,no
Zfp113,,Not reviewed,,,,,,no
Zfp58,,Not reviewed,,,,,,no
Tcf4,,Not reviewed,,,,,,no
Zfp979,,Not reviewed,,,,,,no
Foxc2,,Not reviewed,,,,,,no
Osr1,,Not reviewed,,,,,,no
Crebzf,,Not reviewed,,,,,,no
Zfp831,,Not reviewed,,,,,,no
Bcl6b,,Not reviewed,,,,,,no
Dnajc1,,Not reviewed,,,,,,no
Rhox7b,,Not reviewed,,,,,,no
Pparg,,Not reviewed,,,,,,no
Mbtps2,,Not reviewed,,,,,,no
Zfp329,,Not reviewed,,,,,,no
Pou5f1,,Not reviewed,,,,,,no
Rsl1,,Not reviewed,,,,,,no
Zfp516,,Not reviewed,,,,,,no
Sp3,,Not reviewed,,,,,,no
Tal2,,Not reviewed,,,,,,no
Noto,,Not reviewed,,,,,,no
Gm32687,,Not reviewed,,,,,,no
Pax8,,Not reviewed,,,,,,no
Camta2,,Not reviewed,,,,,,no
Gata4,,Not reviewed,,,,,,no
Lhx6,,Not reviewed,,,,,,no
Zfp709,,Not reviewed,,,,,,no
Zfp469,,Not reviewed,,,,,,no
Aire,,Not reviewed,,,,,,no
Glmp,,Not reviewed,,,,,,no
Hmgb4,,Not reviewed,,,,,,no
Prdm9,,Not reviewed,,,,,,no
Dmrta2,,Not reviewed,,,,,,no
Foxr1,,Not reviewed,,,,,,no
Zfp352,,Not reviewed,,,,,,no
Prdm13,,Not reviewed,,,,,,no
Gli1,,Not reviewed,,,,,,no
Foxd3,,Not reviewed,,,,,,no
Foxl1,,Not reviewed,,,,,,no
Foxa2,,Not reviewed,,,,,,no
Hoxb7,,Not reviewed,,,,,,no
Dmrt3,,Not reviewed,,,,,,no
Zfp708,,Not reviewed,,,,,,no
Pou3f4,,Not reviewed,,,,,,no
Zfp652,,Not reviewed,,,,,,no
Zfp760,,Not reviewed,,,,,,no
Xbp1,,Not reviewed,,,,,,no
Foxj2,,Not reviewed,,,,,,no
Pknox1,,Not reviewed,,,,,,no
Zfp969,,Not reviewed,,,,,,no
Setdb2,,Not reviewed,,,,,,no
Sox21,,Not reviewed,,,,,,no
Mael,,Not reviewed,,,,,,no
Hand1,,Not reviewed,,,,,,no
Gm14296,,Not reviewed,,,,,,no
Gata5,,Not reviewed,,,,,,no
Smad3,,Not reviewed,,,,,,no
Obox6,,Not reviewed,,,,,,no
Zfp654,,Not reviewed,,,,,,no
Zbtb2,,Not reviewed,,,,,,no
Baz2b,,Not reviewed,,,,,,no
Tgif2,,Not reviewed,,,,,,no
Zfp408,,Not reviewed,,,,,,no
Irf4,,Not reviewed,,,,,,no
Foxb1,,Not reviewed,,,,,,no
Zfp526,,Not reviewed,,,,,,no
Rbpj,,Not reviewed,,,,,,no
Gmeb2,,Not reviewed,,,,,,no
Pitx2,,Not reviewed,,,,,,no
Gm32717,,Not reviewed,,,,,,no
Zfta,,Not reviewed,,,,,,no
Zfp715,,Not reviewed,,,,,,no
Prdm15,,Not reviewed,,,,,,no
Zfp512,,Not reviewed,,,,,,no
Zfp7,,Not reviewed,,,,,,no
Zfp850,,Not reviewed,,,,,,no
Nsd2,,Not reviewed,,,,,,no
Six5,,Not reviewed,,,,,,no
Hsf5,,Not reviewed,,,,,,no
Zfp442,,Not reviewed,,,,,,no
Zfp449,,Not reviewed,,,,,,no
Zfp661,,Not reviewed,,,,,,no
Zfp931,,Not reviewed,,,,,,no
Rxrg,,Not reviewed,,,,,,no
Zfp473,,Not reviewed,,,,,,no
Zfp354b,,Not reviewed,,,,,,no
Zfp182,,Not reviewed,,,,,,no
Foxe1,,Not reviewed,,,,,,no
Zfp990,,Not reviewed,,,,,,no
Prdm1,,Not reviewed,,,,,,no
Gm9040,,Not reviewed,,,,,,no
Hoxa4,,Not reviewed,,,,,,no
Tbx20,,Not reviewed,,,,,,no
Pou6f1,,Not reviewed,,,,,,no
Zim1,,Not reviewed,,,,,,no
Zkscan4,,Not reviewed,,,,,,no
Nfyc,,Not reviewed,,,,,,no
Zic2,,Not reviewed,,,,,,no
Gli3,,Not reviewed,,,,,,no
Zfp846,,Not reviewed,,,,,,no
Zfp82,,Not reviewed,,,,,,no
Nfx1,,Not reviewed,,,,,,no
Aff3,,Not reviewed,,,,,,no
Zfp560,,Not reviewed,,,,,,no
Zfp266,,Not reviewed,,,,,,no
Zfp11,,Not reviewed,,,,,,no
Smarce1,,Not reviewed,,,,,,no
Rcor1,,Not reviewed,,,,,,no
Fezf2,,Not reviewed,,,,,,no
Rhox2g,,Not reviewed,,,,,,no
Lef1,,Not reviewed,,,,,,no
Gm14419,,Not reviewed,,,,,,no
Zfp433,,Not reviewed,,,,,,no
Neurod2,,Not reviewed,,,,,,no
Zfp784,,Not reviewed,,,,,,no
Hoxd4,,Not reviewed,,,,,,no
Gm9044,,Not reviewed,,,,,,no
Uncx,,Not reviewed,,,,,,no
Spic,,Not reviewed,,,,,,no
Gmeb1,,Not reviewed,,,,,,no
Hsf1,,Not reviewed,,,,,,no
Usf2,,Not reviewed,,,,,,no
Foxk1,,Not reviewed,,,,,,no
Zfp51,,Not reviewed,,,,,,no
Zfp938,,Not reviewed,,,,,,no
E2f3,,Not reviewed,,,,,,no
Zbtb8a,,Not reviewed,,,,,,no
Smad6,,Not reviewed,,,,,,no
Snai1,,Not reviewed,,,,,,no
Hoxd3,,Not reviewed,,,,,,no
Gm10033,,Not reviewed,,,,,,no
Fosl1,,Not reviewed,,,,,,no
Irx3,,Not reviewed,,,,,,no
Npas3,,Not reviewed,,,,,,no
Myod1,,Not reviewed,,,,,,no
Zfp973,,Not reviewed,,,,,,no
Foxq1,,Not reviewed,,,,,,no
Zfp759,,Not reviewed,,,,,,no
Gm9046,,Not reviewed,,,,,,no
Tbx10,,Not reviewed,,,,,,no
Sohlh2,,Not reviewed,,,,,,no
Zfp281,,Not reviewed,,,,,,no
Fiz1,,Not reviewed,,,,,,no
Rarb,,Not reviewed,,,,,,no
Zfp942,,Not reviewed,,,,,,no
Zfp169,,Not reviewed,,,,,,no
Zfp648,,Not reviewed,,,,,,no
Spi1,,Not reviewed,,,,,,no
Zfp853,,Not reviewed,,,,,,no
Arid3c,,Not reviewed,,,,,,no
Mga,,Not reviewed,,,,,,no
Hbp1,,Not reviewed,,,,,,no
Gm3854,,Not reviewed,,,,,,no
Arnt,,Not reviewed,,,,,,no
Gm11009,,Not reviewed,,,,,,no
Bhlha9,,Not reviewed,,,,,,no
Hmg20a,,Not reviewed,,,,,,no
Zbtb44,,Not reviewed,,,,,,no
Foxp4,,Not reviewed,,,,,,no
Zbtb38,,Not reviewed,,,,,,no
Gzf1,,Not reviewed,,,,,,no
Tfeb,,Not reviewed,,,,,,no
Mynn,,Not reviewed,,,,,,no
Esrrg,,Not reviewed,,,,,,no
Pax6,,Not reviewed,,,,,,no
Zfp958,,Not reviewed,,,,,,no
Zfp42,,Not reviewed,,,,,,no
Nkx2-9,,Not reviewed,,,,,,no
Gm7072,,Not reviewed,,,,,,no
Nr5a2,,Not reviewed,,,,,,no
Zfp523,,Not reviewed,,,,,,no
Zbtb10,,Not reviewed,,,,,,no
Nkx3-1,,Not reviewed,,,,,,no
Zfp595,,Not reviewed,,,,,,no
Klf11,,Not reviewed,,,,,,no
Gm28557,,Not reviewed,,,,,,no
Zfp317,,Not reviewed,,,,,,no
Arntl2,,Not reviewed,,,,,,no
Zfp142,,Not reviewed,,,,,,no
Mbd4,,Not reviewed,,,,,,no
Paxbp1,,Not reviewed,,,,,,no
Zfp800,,Not reviewed,,,,,,no
Smad2,,Not reviewed,,,,,,no
Zfp971,,Not reviewed,,,,,,no
Plag1,,Not reviewed,,,,,,no
Nr2e1,,Not reviewed,,,,,,no
Foxd1,,Not reviewed,,,,,,no
Rcor3,,Not reviewed,,,,,,no
Zfpm2,,Not reviewed,,,,,,no
Vezf1,,Not reviewed,,,,,,no
Pbx3,,Not reviewed,,,,,,no
D130040H23Rik,,Not reviewed,,,,,,no
Gm6871,,Not reviewed,,,,,,no
Gm14401,,Not reviewed,,,,,,no
Nr5a1,,Not reviewed,,,,,,no
Mbd2,,Not reviewed,,,,,,no
Zfp947,,Not reviewed,,,,,,no
Zfp879,,Not reviewed,,,,,,no
Sox14,,Not reviewed,,,,,,no
Zfp746,,Not reviewed,,,,,,no
Hes3,,Not reviewed,,,,,,no
Nobox,,Not reviewed,,,,,,no
Zfp936,,Not reviewed,,,,,,no
Zscan26,,Not reviewed,,,,,,no
E2f5,,Not reviewed,,,,,,no
Ssrp1,,Not reviewed,,,,,,no
Gm35315,,Not reviewed,,,,,,no
Foxo4,,Not reviewed,,,,,,no
Zfp770,,Not reviewed,,,,,,no
Gtf2i,,Not reviewed,,,,,,no
Aebp2,,Not reviewed,,,,,,no
Duxbl1,,Not reviewed,,,,,,no
Gbx2,,Not reviewed,,,,,,no
Zfp974,,Not reviewed,,,,,,no
Tead2,,Not reviewed,,,,,,no
Zfp97,,Not reviewed,,,,,,no
Zfp27,,Not reviewed,,,,,,no
Zfp472,,Not reviewed,,,,,,no
Myt1,,Not reviewed,,,,,,no
Dach2,,Not reviewed,,,,,,no
Hnf4g,,Not reviewed,,,,,,no
Gm21915,,Not reviewed,,,,,,no
Hsfy2,,Not reviewed,,,,,,no
Atf1,,Not reviewed,,,,,,no
Thap4,,Not reviewed,,,,,,no
Zbtb17,,Not reviewed,,,,,,no
Tsc22d1,,Not reviewed,,,,,,no
Gm3055,,Not reviewed,,,,,,no
Gm15446,,Not reviewed,,,,,,no
Lyl1,,Not reviewed,,,,,,no
Gm20422,,Not reviewed,,,,,,no
Hoxd9,,Not reviewed,,,,,,no
Rhox3a,,Not reviewed,,,,,,no
Dbx2,,Not reviewed,,,,,,no
Zfp697,,Not reviewed,,,,,,no
Zbtb26,,Not reviewed,,,,,,no
Zfp444,,Not reviewed,,,,,,no
Npas4,,Not reviewed,,,,,,no
Tulp3,,Not reviewed,,,,,,no
Pms1,,Not reviewed,,,,,,no
Foxf1,,Not reviewed,,,,,,no
Zfp131,,Not reviewed,,,,,,no
Zfp810,,Not reviewed,,,,,,no
Zfp773,,Not reviewed,,,,,,no
Zfpm1,,Not reviewed,,,,,,no
Ctcf,,Not reviewed,,,,,,no
Zfp729b,,Not reviewed,,,,,,no
Zfp429,,Not reviewed,,,,,,no
Tfap2e,,Not reviewed,,,,,,no
Tlx2,,Not reviewed,,,,,,no
Sp8,,Not reviewed,,,,,,no
2610021A01Rik,,Not reviewed,,,,,,no
Usf1,,Not reviewed,,,,,,no
Mta3,,Not reviewed,,,,,,no
Elf3,,Not reviewed,,,,,,no
Ascl3,,Not reviewed,,,,,,no
Ebf2,,Not reviewed,,,,,,no
Zfp968,,Not reviewed,,,,,,no
Mnt,,Not reviewed,,,,,,no
Creb3l2,,Not reviewed,,,,,,no
Meis2,,Not reviewed,,,,,,no
Zfp521,,Not reviewed,,,,,,no
Zfp993,,Not reviewed,,,,,,no
Zfp653,,Not reviewed,,,,,,no
Nr2c2,,Not reviewed,,,,,,no
Zmat1,,Not reviewed,,,,,,no
Zbtb8b,,Not reviewed,,,,,,no
Elk4,,Not reviewed,,,,,,no
Zfp597,,Not reviewed,,,,,,no
Gm29106,,Not reviewed,,,,,,no
Foxo3,,Not reviewed,,,,,,no
Tcf12,,Not reviewed,,,,,,no
Mlxip,,Not reviewed,,,,,,no
Prox2,,Not reviewed,,,,,,no
Obox8,,Not reviewed,,,,,,no
Hoxc6,,Not reviewed,,,,,,no
Nrl,,Not reviewed,,,,,,no
Vsx2,,Not reviewed,,,,,,no
Nr4a3,,Not reviewed,,,,,,no
Ebf4,,Not reviewed,,,,,,no
Tlx3,,Not reviewed,,,,,,no
Zfp945,,Not reviewed,,,,,,no
Mier3,,Not reviewed,,,,,,no
Mycs,,Not reviewed,,,,,,no
Zbtb34,,Not reviewed,,,,,,no
Atf7,,Not reviewed,,,,,,no
Platr25,,Not reviewed,,,,,,no
Pax3,,Not reviewed,,,,,,no
Gm2007,,Not reviewed,,,,,,no
Zfp286,,Not reviewed,,,,,,no
Hnf1b,,Not reviewed,,,,,,no
Nkx1-1,,Not reviewed,,,,,,no
Tada2b,,Not reviewed,,,,,,no
Zfp275,,Not reviewed,,,,,,no
Mkrn2,,Not reviewed,,,,,,no
Hoxc5,,Not reviewed,,,,,,no
Pgr,,Not reviewed,,,,,,no
Gm28360,,Not reviewed,,,,,,no
Pax9,,Not reviewed,,,,,,no
Hoxc8,,Not reviewed,,,,,,no
Ubp1,,Not reviewed,,,,,,no
Tcf7l1,,Not reviewed,,,,,,no
Hoxd1,,Not reviewed,,,,,,no
Zfp341,,Not reviewed,,,,,,no
Ebf1,,Not reviewed,,,,,,no
Klf17,,Not reviewed,,,,,,no
Gatad2b,,Not reviewed,,,,,,no
Usf3,,Not reviewed,,,,,,no
Gm10770,,Not reviewed,,,,,,no
Zfp362,,Not reviewed,,,,,,no
Gm5767,,Not reviewed,,,,,,no
Gm14410,,Not reviewed,,,,,,no
Zfp787,,Not reviewed,,,,,,no
Tgif2lx1,,Not reviewed,,,,,,no
Zfp583,,Not reviewed,,,,,,no
Twist1,,Not reviewed,,,,,,no
Zfp296,,Not reviewed,,,,,,no
Gm14403,,Not reviewed,,,,,,no
Sox7,,Not reviewed,,,,,,no
Carhsp1,,Not reviewed,,,,,,no
Sohlh1,,Not reviewed,,,,,,no
Zfp273,,Not reviewed,,,,,,no
Zfp334,,Not reviewed,,,,,,no
Snapc4,,Not reviewed,,,,,,no
Foxp2,,Not reviewed,,,,,,no
Tulp1,,Not reviewed,,,,,,no
Elf5,,Not reviewed,,,,,,no
Zfp119a,,Not reviewed,,,,,,no
Tfap4,,Not reviewed,,,,,,no
Zbtb42,,Not reviewed,,,,,,no
2010315B03Rik,,Not reviewed,,,,,,no
Tsc22d2,,Not reviewed,,,,,,no
E2f2,,Not reviewed,,,,,,no
Zfp64,,Not reviewed,,,,,,no
E2f1,,Not reviewed,,,,,,no
Neurod6,,Not reviewed,,,,,,no
Neurog1,,Not reviewed,,,,,,no
Zscan22,,Not reviewed,,,,,,no
Klf8,,Not reviewed,,,,,,no
Rhox7a,,Not reviewed,,,,,,no
Foxl3,,Not reviewed,,,,,,no
Tcf15,,Not reviewed,,,,,,no
Rhox2f,,Not reviewed,,,,,,no
Foxg1,,Not reviewed,,,,,,no
Rora,,Not reviewed,,,,,,no
2810021J22Rik,,Not reviewed,,,,,,no
E2f6,,Not reviewed,,,,,,no
Zfp946,,Not reviewed,,,,,,no
Hoxb9,,Not reviewed,,,,,,no
Rhox9,,Not reviewed,,,,,,no
Zfp456,,Not reviewed,,,,,,no
Gm9045,,Not reviewed,,,,,,no
Glis1,,Not reviewed,,,,,,no
Bsx,,Not reviewed,,,,,,no
Hdx,,Not reviewed,,,,,,no
Cebpd,,Not reviewed,,,,,,no
Zbtb46,,Not reviewed,,,,,,no
Hmg20b,,Not reviewed,,,,,,no
Ncor2,,Not reviewed,,,,,,no
2610008E11Rik,,Not reviewed,,,,,,no
Zfp607b,,Not reviewed,,,,,,no
Gcm1,,Not reviewed,,,,,,no
Rhox4b,,Not reviewed,,,,,,no
Dlx3,,Not reviewed,,,,,,no
Nfkb2,,Not reviewed,,,,,,no
Tox4,,Not reviewed,,,,,,no
Zfp672,,Not reviewed,,,,,,no
Zfp825,,Not reviewed,,,,,,no
Zhx1,,Not reviewed,,,,,,no
Spib,,Not reviewed,,,,,,no
Zfp52,,Not reviewed,,,,,,no
Fezf1,,Not reviewed,,,,,,no
Scrt1,,Not reviewed,,,,,,no
Homez,,Not reviewed,,,,,,no
4930522L14Rik,,Not reviewed,,,,,,no
Nr4a2,,Not reviewed,,,,,,no
Zfp692,,Not reviewed,,,,,,no
Thap12,,Not reviewed,,,,,,no
Zfp953,,Not reviewed,,,,,,no
En1,,Not reviewed,,,,,,no
Onecut2,,Not reviewed,,,,,,no
Smad9,,Not reviewed,,,,,,no
Nfib,,Not reviewed,,,,,,no
Srebf2,,Not reviewed,,,,,,no
Gtf3a,,Not reviewed,,,,,,no
Pitx3,,Not reviewed,,,,,,no
Glis2,,Not reviewed,,,,,,no
Zfp948,,Not reviewed,,,,,,no
Gm21836,,Not reviewed,,,,,,no
Zfp811,,Not reviewed,,,,,,no
AI854703,,Not reviewed,,,,,,no
Nr4a1,,Not reviewed,,,,,,no
Adnp,,Not reviewed,,,,,,no
Sim2,,Not reviewed,,,,,,no
Elf2,,Not reviewed,,,,,,no
Mitf,,Not reviewed,,,,,,no
Zkscan6,,Not reviewed,,,,,,no
Zfy2,,Not reviewed,,,,,,no
Foxj3,,Not reviewed,,,,,,no
Zfp128,,Not reviewed,,,,,,no
Ptf1a,,Not reviewed,,,,,,no
Cdx2,,Not reviewed,,,,,,no
Tsc22d4,,Not reviewed,,,,,,no
Zbtb3,,Not reviewed,,,,,,no
Yy2,,Not reviewed,,,,,,no
Zfp870,,Not reviewed,,,,,,no
Zfp459,,Not reviewed,,,,,,no
Ascl5,,Not reviewed,,,,,,no
Tbx19,,Not reviewed,,,,,,no
Prrxl1,,Not reviewed,,,,,,no
Plagl1,,Not reviewed,,,,,,no
Rhox2b,,Not reviewed,,,,,,no
Hey1,,Not reviewed,,,,,,no
Hivep3,,Not reviewed,,,,,,no
Hopx,,Not reviewed,,,,,,no
Zfp689,,Not reviewed,,,,,,no
Olig3,,Not reviewed,,,,,,no
Gtf2ird1,,Not reviewed,,,,,,no
AU041133,,Not reviewed,,,,,,no
Sox5,,Not reviewed,,,,,,no
Zscan25,,Not reviewed,,,,,,no
Irx6,,Not reviewed,,,,,,no
Vdr,,Not reviewed,,,,,,no
Zfp322a,,Not reviewed,,,,,,no
Zfp513,,Not reviewed,,,,,,no
Hmgxb4,,Not reviewed,,,,,,no
Fosb,,Not reviewed,,,,,,no
Zik1,,Not reviewed,,,,,,no
Nhlh2,,Not reviewed,,,,,,no
Hmx3,,Not reviewed,,,,,,no
Gm9049,,Not reviewed,,,,,,no
Zfp141,,Not reviewed,,,,,,no
Zfp872,,Not reviewed,,,,,,no
Zfp300,,Not reviewed,,,,,,no
Zfp663,,Not reviewed,,,,,,no
5730507C01Rik,,Not reviewed,,,,,,no
Zfp524,,Not reviewed,,,,,,no
Nkx6-3,,Not reviewed,,,,,,no
Six6,,Not reviewed,,,,,,no
Zfp777,,Not reviewed,,,,,,no
Zfp109,,Not reviewed,,,,,,no
Zbtb24,,Not reviewed,,,,,,no
Zfp966,,Not reviewed,,,,,,no
En2,,Not reviewed,,,,,,no
Nkx2-2,,Not reviewed,,,,,,no
Gm10130,,Not reviewed,,,,,,no
Zbtb43,,Not reviewed,,,,,,no
Hoxb8,,Not reviewed,,,,,,no
Gm4981,,Not reviewed,,,,,,no
Mafg,,Not reviewed,,,,,,no
Bach2,,Not reviewed,,,,,,no
Satb1,,Not reviewed,,,,,,no
Trerf1,,Not reviewed,,,,,,no
Zfp536,,Not reviewed,,,,,,no
Arid1b,,Not reviewed,,,,,,no
Zfp612,,Not reviewed,,,,,,no
Rfx7,,Not reviewed,,,,,,no
Arid3b,,Not reviewed,,,,,,no
Grhl2,,Not reviewed,,,,,,no
Tshz3,,Not reviewed,,,,,,no
L3mbtl4,,Not reviewed,,,,,,no
Cux2,,Not reviewed,,,,,,no
Hoxa6,,Not reviewed,,,,,,no
Rhox6,,Not reviewed,,,,,,no
Ncoa1,,Not reviewed,,,,,,no
Terf2,,Not reviewed,,,,,,no
Sox6,,Not reviewed,,,,,,no
Zfp985,,Not reviewed,,,,,,no
Hmgxb3,,Not reviewed,,,,,,no
Zfp90,,Not reviewed,,,,,,no
Zscan4c,,Not reviewed,,,,,,no
A630089N07Rik,,Not reviewed,,,,,,no
Neurog2,,Not reviewed,,,,,,no
Nanog,,Not reviewed,,,,,,no
Zfp81,,Not reviewed,,,,,,no
Zfp959,,Not reviewed,,,,,,no
Gm2026,,Not reviewed,,,,,,no
Rhox12,,Not reviewed,,,,,,no
Mafk,,Not reviewed,,,,,,no
Mta2,,Not reviewed,,,,,,no
Pax4,,Not reviewed,,,,,,no
Prdm4,,Not reviewed,,,,,,no
Zfp867,,Not reviewed,,,,,,no
Zfp120,,Not reviewed,,,,,,no
Zfp763,,Not reviewed,,,,,,no
Zxdb,,Not reviewed,,,,,,no
Zbtb5,,Not reviewed,,,,,,no
Hmga1,,Not reviewed,,,,,,no
Zfp711,,Not reviewed,,,,,,no
Zfp691,,Not reviewed,,,,,,no
Rhox4f,,Not reviewed,,,,,,no
Zfp276,,Not reviewed,,,,,,no
Tfap2d,,Not reviewed,,,,,,no
Arntl,,Not reviewed,,,,,,no
Gbx1,,Not reviewed,,,,,,no
Zfp738,,Not reviewed,,,,,,no
Zfp599,,Not reviewed,,,,,,no
Zkscan2,,Not reviewed,,,,,,no
Zfp3,,Not reviewed,,,,,,no
Thra,,Not reviewed,,,,,,no
Terf1,,Not reviewed,,,,,,no
Mta1,,Not reviewed,,,,,,no
Mzf1,,Not reviewed,,,,,,no
Ybx2,,Not reviewed,,,,,,no
Egr3,,Not reviewed,,,,,,no
Repin1,,Not reviewed,,,,,,no
Mxd3,,Not reviewed,,,,,,no
Zbtb7c,,Not reviewed,,,,,,no
Zfp808,,Not reviewed,,,,,,no
Tbx3,,Not reviewed,,,,,,no
Heyl,,Not reviewed,,,,,,no
Myt1l,,Not reviewed,,,,,,no
Wt1,,Not reviewed,,,,,,no
Gm10226,,Not reviewed,,,,,,no
Nr2e3,,Not reviewed,,,,,,no
Zfp62,,Not reviewed,,,,,,no
Zbtb32,,Not reviewed,,,,,,no
Zfp398,,Not reviewed,,,,,,no
Zbtb22,,Not reviewed,,,,,,no
Hic1,,Not reviewed,,,,,,no
Pou1f1,,Not reviewed,,,,,,no
Shox2,,Not reviewed,,,,,,no
Zfp454,,Not reviewed,,,,,,no
Zfp418,,Not reviewed,,,,,,no
Nfyb,,Not reviewed,,,,,,no
Zfp771,,Not reviewed,,,,,,no
Lrrfip2,,Not reviewed,,,,,,no
Zfp268,,Not reviewed,,,,,,no
Zfp180,,Not reviewed,,,,,,no
Prdm14,,Not reviewed,,,,,,no
Pbx4,,Not reviewed,,,,,,no
Zbtb18,,Not reviewed,,,,,,no
Zscan4-ps1,,Not reviewed,,,,,,no
Barhl1,,Not reviewed,,,,,,no
Zfp551,,Not reviewed,,,,,,no
Zfp747,,Not reviewed,,,,,,no
Zfp963,,Not reviewed,,,,,,no
Smad4,,Not reviewed,,,,,,no
Gm14322,,Not reviewed,,,,,,no
Zfp978,,Not reviewed,,,,,,no
Tcf3,,Not reviewed,,,,,,no
Rxrb,,Not reviewed,,,,,,no
Barhl2,,Not reviewed,,,,,,no
Msgn1,,Not reviewed,,,,,,no
Pou2f1,,Not reviewed,,,,,,no
Atoh8,,Not reviewed,,,,,,no
Bcl11b,,Not reviewed,,,,,,no
Zic5,,Not reviewed,,,,,,no
Zfp820,,Not reviewed,,,,,,no
Rfx5,,Not reviewed,,,,,,no
Zfp616,,Not reviewed,,,,,,no
Gm10772,,Not reviewed,,,,,,no
Esrra,,Not reviewed,,,,,,no
Tead1,,Not reviewed,,,,,,no
Onecut3,,Not reviewed,,,,,,no
Gm12845,,Not reviewed,,,,,,no
Sp7,,Not reviewed,,,,,,no
Zfp319,,Not reviewed,,,,,,no
St18,,Not reviewed,,,,,,no
Gm14412,,Not reviewed,,,,,,no
Gm7145,,Not reviewed,,,,,,no
Zfp579,,Not reviewed,,,,,,no
Zfp248,,Not reviewed,,,,,,no
Hoxc13,,Not reviewed,,,,,,no
Gli2,,Not reviewed,,,,,,no
Zfp933,,Not reviewed,,,,,,no
Zhx3,,Not reviewed,,,,,,no
Csde1,,Not reviewed,,,,,,no
Pknox2,,Not reviewed,,,,,,no
Atf3,,Not reviewed,,,,,,no
Zfp687,,Not reviewed,,,,,,no
Zfp93,,Not reviewed,,,,,,no
Zfp324,,Not reviewed,,,,,,no
Zfp869,,Not reviewed,,,,,,no
Hoxc4,,Not reviewed,,,,,,no
Rhox4g,,Not reviewed,,,,,,no
Zfp60,,Not reviewed,,,,,,no
Hand2,,Not reviewed,,,,,,no
Zfp935,,Not reviewed,,,,,,no
Zfp36l2,,Not reviewed,,,,,,no
9130023H24Rik,,Not reviewed,,,,,,no
Bcl6,,Not reviewed,,,,,,no
Zfp414,,Not reviewed,,,,,,no
Zfp998,,Not reviewed,,,,,,no
Mxd1,,Not reviewed,,,,,,no
Zfp975,,Not reviewed,,,,,,no
Zfp512b,,Not reviewed,,,,,,no
Rhox4c,,Not reviewed,,,,,,no
Lhx5,,Not reviewed,,,,,,no
Tbr1,,Not reviewed,,,,,,no
Hoxc10,,Not reviewed,,,,,,no
Zfp467,,Not reviewed,,,,,,no
Gcm2,,Not reviewed,,,,,,no
Helt,,Not reviewed,,,,,,no
Trp73,,Not reviewed,,,,,,no
Zfp865,,Not reviewed,,,,,,no
Evx1,,Not reviewed,,,,,,no
Zkscan5,,Not reviewed,,,,,,no
Baz2a,,Not reviewed,,,,,,no
Vax2,,Not reviewed,,,,,,no
Ovol2,,Not reviewed,,,,,,no
Id1,,Not reviewed,,,,,,no
Tfap2a,,Not reviewed,,,,,,no
Ubtfl1,,Not reviewed,,,,,,no
Elk1,,Not reviewed,,,,,,no
Esrrb,,Not reviewed,,,,,,no
Irx2,,Not reviewed,,,,,,no
Isl1,,Not reviewed,,,,,,no
Mbd3,,Not reviewed,,,,,,no
Zfp114,,Not reviewed,,,,,,no
Zfp426,,Not reviewed,,,,,,no
Pias3,,Not reviewed,,,,,,no
Elf4,,Not reviewed,,,,,,no
Mesp2,,Not reviewed,,,,,,no
Csdc2,,Not reviewed,,,,,,no
AI987944,,Not reviewed,,,,,,no
Zfp46,,Not reviewed,,,,,,no
Dlx6,,Not reviewed,,,,,,no
Max,,Not reviewed,,,,,,no
Lhx9,,Not reviewed,,,,,,no
Pax2,,Not reviewed,,,,,,no
Hsf2,,Not reviewed,,,,,,no
Meiosin,,Not reviewed,,,,,,no
Zhx2,,Not reviewed,,,,,,no
Nkx1-2,,Not reviewed,,,,,,no
Zscan12,,Not reviewed,,,,,,no
Nr2f6,,Not reviewed,,,,,,no
Nfil3,,Not reviewed,,,,,,no
Gata6,,Not reviewed,,,,,,no
Tox,,Not reviewed,,,,,,no
Gm14418,,Not reviewed,,,,,,no
Sry,,Not reviewed,,,,,,no
Gm14409,,Not reviewed,,,,,,no
Zfp493,,Not reviewed,,,,,,no
Phox2a,,Not reviewed,,,,,,no
Sox10,,Not reviewed,,,,,,no
Zfp575,,Not reviewed,,,,,,no
Dmbx1,,Not reviewed,,,,,,no
Hmx1,,Not reviewed,,,,,,no
Mef2a,,Not reviewed,,,,,,no
Klf14,,Not reviewed,,,,,,no
Tcf23,,Not reviewed,,,,,,no
Lcor,,Not reviewed,,,,,,no
Zfp980,,Not reviewed,,,,,,no
Evx2,,Not reviewed,,,,,,no
Zfp367,,Not reviewed,,,,,,no
Foxd2,,Not reviewed,,,,,,no
Plagl2,,Not reviewed,,,,,,no
Zfhx2,,Not reviewed,,,,,,no
Cebpb,,Not reviewed,,,,,,no
Mybl2,,Not reviewed,,,,,,no
Zfp955a,,Not reviewed,,,,,,no
Zbtb11,,Not reviewed,,,,,,no
Gm21994,,Not reviewed,,,,,,no
Hes5,,Not reviewed,,,,,,no
Tfcp2,,Not reviewed,,,,,,no
Tub,,Not reviewed,,,,,,no
Zfp707,,Not reviewed,,,,,,no
Atf4,,Not reviewed,,,,,,no
Hoxd12,,Not reviewed,,,,,,no
Zfp790,,Not reviewed,,,,,,no
Six1,,Not reviewed,,,,,,no
Hoxa1,,Not reviewed,,,,,,no
Rfx8,,Not reviewed,,,,,,no
Zfp874a,,Not reviewed,,,,,,no
Tfdp2,,Not reviewed,,,,,,no
Zfp563,,Not reviewed,,,,,,no
Zfp655,,Not reviewed,,,,,,no
Trp63,,Not reviewed,,,,,,no
Cdc5l,,Not reviewed,,,,,,no
Rhox2c,,Not reviewed,,,,,,no
Zscan10,,Not reviewed,,,,,,no
Nrf1,,Not reviewed,,,,,,no
Rcor2,,Not reviewed,,,,,,no
Figla,,Not reviewed,,,,,,no
Prdm2,,Not reviewed,,,,,,no
Zfp688,,Not reviewed,,,,,,no
Zfp260,,Not reviewed,,,,,,no
Cic,,Not reviewed,,,,,,no
Rhox3g,,Not reviewed,,,,,,no
Hes6,,Not reviewed,,,,,,no
Peg3,,Not reviewed,,,,,,no
Zfp445,,Not reviewed,,,,,,no
Zfp146,,Not reviewed,,,,,,no
Zfp316,,Not reviewed,,,,,,no
Zfp964,,Not reviewed,,,,,,no
Zfp667,,Not reviewed,,,,,,no
Zfp267,,Not reviewed,,,,,,no
Fev,,Not reviewed,,,,,,no
Tada2a,,Not reviewed,,,,,,no
Runx3,,Not reviewed,,,,,,no
Zfp13,,Not reviewed,,,,,,no
Zfp606,,Not reviewed,,,,,,no
Alx4,,Not reviewed,,,,,,no
Zscan21,,Not reviewed,,,,,,no
Zbtb39,,Not reviewed,,,,,,no
Srf,,Not reviewed,,,,,,no
T,,Not reviewed,,,,,,no
Mnx1,,Not reviewed,,,,,,no
Ets2,,Not reviewed,,,,,,no
Gm14326,,Not reviewed,,,,,,no
Zfp965,,Not reviewed,,,,,,no
Zfp605,,Not reviewed,,,,,,no
Rhox11,,Not reviewed,,,,,,no
Zxdc,,Not reviewed,,,,,,no
Zfp236,,Not reviewed,,,,,,no
Dnajc2,,Not reviewed,,,,,,no
Gm28047,,Not reviewed,,,,,,no
Zscan29,,Not reviewed,,,,,,no
Zfp287,,Not reviewed,,,,,,no
Zfp553,,Not reviewed,,,,,,no
Gm12258,,Not reviewed,,,,,,no
Zfp184,,Not reviewed,,,,,,no
Onecut1,,Not reviewed,,,,,,no
Pitx1,,Not reviewed,,,,,,no
Creb3l1,,Not reviewed,,,,,,no
Foxi2,,Not reviewed,,,,,,no
Terb1,,Not reviewed,,,,,,no
Hmgb1,,Not reviewed,,,,,,no
E2f8,,Not reviewed,,,,,,no
Tcfl5,,Not reviewed,,,,,,no
AW822073,,Not reviewed,,,,,,no
Zfp438,,Not reviewed,,,,,,no
Nr1i3,,Not reviewed,,,,,,no
Tshz1,,Not reviewed,,,,,,no
Pax7,,Not reviewed,,,,,,no
Zfp202,,Not reviewed,,,,,,no
Atoh1,,Not reviewed,,,,,,no
Rhox4d,,Not reviewed,,,,,,no
Zmiz1,,Not reviewed,,,,,,no
Zfp628,,Not reviewed,,,,,,no
Bach1,,Not reviewed,,,,,,no
Nr1d2,,Not reviewed,,,,,,no
Obox7,,Not reviewed,,,,,,no
Zscan20,,Not reviewed,,,,,,no
Zfp984,,Not reviewed,,,,,,no
Crem,,Not reviewed,,,,,,no
Zfhx4,,Not reviewed,,,,,,no
Zfp36l1,,Not reviewed,,,,,,no
Hes2,,Not reviewed,,,,,,no
Nkx2-4,,Not reviewed,,,,,,no
Zfp423,,Not reviewed,,,,,,no
Zfp12,,Not reviewed,,,,,,no
Zfp618,,Not reviewed,,,,,,no
Irx1,,Not reviewed,,,,,,no
Zfp14,,Not reviewed,,,,,,no
Prrx1,,Not reviewed,,,,,,no
Zfp647,,Not reviewed,,,,,,no
Dmrt2,,Not reviewed,,,,,,no
Alx1,,Not reviewed,,,,,,no
Zfp987,,Not reviewed,,,,,,no
Zfp952,,Not reviewed,,,,,,no
Zfp951,,Not reviewed,,,,,,no
Nkx2-3,,Not reviewed,,,,,,no
Zfp92,,Not reviewed,,,,,,no
Mixl1,,Not reviewed,,,,,,no
Erf,,Not reviewed,,,,,,no
Pias4,,Not reviewed,,,,,,no
Gm4924,,Not reviewed,,,,,,no
Zfp651,,Not reviewed,,,,,,no
Foxs1,,Not reviewed,,,,,,no
Myrfl,,Not reviewed,,,,,,no
Aff1,,Not reviewed,,,,,,no
Ebf3,,Not reviewed,,,,,,no
Ovol1,,Not reviewed,,,,,,no
Zfp646,,Not reviewed,,,,,,no
Gm45871,,Not reviewed,,,,,,no
Gatad2a,,Not reviewed,,,,,,no
Myf6,,Not reviewed,,,,,,no
Lbx1,,Not reviewed,,,,,,no
Zfp866,,Not reviewed,,,,,,no
Gsc2,,Not reviewed,,,,,,no
Six3,,Not reviewed,,,,,,no
Hoxd8,,Not reviewed,,,,,,no
Foxe3,,Not reviewed,,,,,,no
Meox2,,Not reviewed,,,,,,no
Gm14295,,Not reviewed,,,,,,no
Tox2,,Not reviewed,,,,,,no
Klf12,,Not reviewed,,,,,,no
Nr3c2,,Not reviewed,,,,,,no
Csrnp2,,Not reviewed,,,,,,no
Zkscan8,,Not reviewed,,,,,,no
Msx1,,Not reviewed,,,,,,no
Lin28a,,Not reviewed,,,,,,no
Klf5,,Not reviewed,,,,,,no
Rhox2h,,Not reviewed,,,,,,no
Grhl1,,Not reviewed,,,,,,no
Rorb,,Not reviewed,,,,,,no
Maz,,Not reviewed,,,,,,no
Hlx,,Not reviewed,,,,,,no
Etv3,,Not reviewed,,,,,,no
Pou3f2,,Not reviewed,,,,,,no
Zfp629,,Not reviewed,,,,,,no
Tcf24,,Not reviewed,,,,,,no
Nr2f2,,Not reviewed,,,,,,no
Zfp385a,,Not reviewed,,,,,,no
Obox3,,Not reviewed,,,,,,no
Rorc,,Not reviewed,,,,,,no
Hoxa11,,Not reviewed,,,,,,no
Sp140,,Not reviewed,,,,,,no
Twist2,,Not reviewed,,,,,,no
Ikzf1,,Not reviewed,,,,,,no
Gm14399,,Not reviewed,,,,,,no
Zkscan16,,Not reviewed,,,,,,no
Hoxa10,,Not reviewed,,,,,,no
Zfp105,,Not reviewed,,,,,,no
Zbtb41,,Not reviewed,,,,,,no
Foxm1,,Not reviewed,,,,,,no
Pou3f3,,Not reviewed,,,,,,no
Bnc1,,Not reviewed,,,,,,no
Etv1,,Not reviewed,,,,,,no
Fosl2,,Not reviewed,,,,,,no
Hes1,,Not reviewed,,,,,,no
Lhx2,,Not reviewed,,,,,,no
Thap2,,Not reviewed,,,,,,no
Gm4724,,Not reviewed,,,,,,no
Mecom,,Not reviewed,,,,,,no
Nhlh1,,Not reviewed,,,,,,no
Gm32802,,Not reviewed,,,,,,no
Hnf1a,,Not reviewed,,,,,,no
Foxi3,,Not reviewed,,,,,,no
Zfp882,,Not reviewed,,,,,,no
Barx1,,Not reviewed,,,,,,no
Zfp932,,Not reviewed,,,,,,no
Gm14305,,Not reviewed,,,,,,no
Sp9,,Not reviewed,,,,,,no
Foxi1,,Not reviewed,,,,,,no
Esr1,,Not reviewed,,,,,,no
Batf2,,Not reviewed,,,,,,no
Etv5,,Not reviewed,,,,,,no
Zfp664,,Not reviewed,,,,,,no
Hmbox1,,Not reviewed,,,,,,no
Zfp212,,Not reviewed,,,,,,no
Ovol3,,Not reviewed,,,,,,no
Zfp972,,Not reviewed,,,,,,no
Nr0b2,,Not reviewed,,,,,,no
Gatad1,,Not reviewed,,,,,,no
Zfp600,,Not reviewed,,,,,,no
Foxp3,,Not reviewed,,,,,,no
Zfp788,,Not reviewed,,,,,,no
Duxf3,,Not reviewed,,,,,,no
Zfp69,,Not reviewed,,,,,,no
Klf16,,Not reviewed,,,,,,no
Scrt2,,Not reviewed,,,,,,no
Hic2,,Not reviewed,,,,,,no
Zfp532,,Not reviewed,,,,,,no
A430033K04Rik,,Not reviewed,,,,,,no
Sox2,,Not reviewed,,,,,,no
Zbtb33,,Not reviewed,,,,,,no
Hoxb13,,Not reviewed,,,,,,no
Ddit3,,Not reviewed,,,,,,no
E4f1,,Not reviewed,,,,,,no
Zfp94,,Not reviewed,,,,,,no
Sp6,,Not reviewed,,,,,,no
Zkscan17,,Not reviewed,,,,,,no
Olig1,,Not reviewed,,,,,,no
Cphx1,,Not reviewed,,,,,,no
BC025920,,Not reviewed,,,,,,no
Hesx1,,Not reviewed,,,,,,no
Zbtb12,,Not reviewed,,,,,,no
Lhx4,,Not reviewed,,,,,,no
Zscan4e,,Not reviewed,,,,,,no
Msc,,Not reviewed,,,,,,no
Rhox3c,,Not reviewed,,,,,,no
Zfp217,,Not reviewed,,,,,,no
Zfp819,,Not reviewed,,,,,,no
Wdhd1,,Not reviewed,,,,,,no
Zfp983,,Not reviewed,,,,,,no
Stat6,,Not reviewed,,,,,,no
Mkx,,Not reviewed,,,,,,no
Obox1,,Not reviewed,,,,,,no
Zscan4b,,Not reviewed,,,,,,no
Hoxa3,,Not reviewed,,,,,,no
Sox18,,Not reviewed,,,,,,no
Foxn1,,Not reviewed,,,,,,no
Csrnp1,,Not reviewed,,,,,,no
Scx,,Not reviewed,,,,,,no
Pou6f2,,Not reviewed,,,,,,no
Zfp420,,Not reviewed,,,,,,no
Zfp639,,Not reviewed,,,,,,no
Zfp988,,Not reviewed,,,,,,no
Zfp87,,Not reviewed,,,,,,no
Zic1,,Not reviewed,,,,,,no
Tbx1,,Not reviewed,,,,,,no
Zfp358,,Not reviewed,,,,,,no
Mis18bp1,,Not reviewed,,,,,,no
Zfp566,,Not reviewed,,,,,,no
Zfp157,,Not reviewed,,,,,,no
Zfp710,,Not reviewed,,,,,,no
Pou4f3,,Not reviewed,,,,,,no
Hoxd11,,Not reviewed,,,,,,no
Pax1,,Not reviewed,,,,,,no
Pou4f1,,Not reviewed,,,,,,no
Zfp623,,Not reviewed,,,,,,no
Zfp941,,Not reviewed,,,,,,no
Zfp410,,Not reviewed,,,,,,no
Rhox3f,,Not reviewed,,,,,,no
Zfp383,,Not reviewed,,,,,,no
Zfp768,,Not reviewed,,,,,,no
Zfp558,,Not reviewed,,,,,,no
Erg,,Not reviewed,,,,,,no
Mafa,,Not reviewed,,,,,,no
Zfp91,,Not reviewed,,,,,,no
Ascl4,,Not reviewed,,,,,,no
Sox17,,Not reviewed,,,,,,no
Zfp28,,Not reviewed,,,,,,no
Zfp335,,Not reviewed,,,,,,no
Prdm8,,Not reviewed,,,,,,no
Gm19965,,Not reviewed,,,,,,no
Zfp111,,Not reviewed,,,,,,no
Foxa3,,Not reviewed,,,,,,no
Ahr,,Not reviewed,,,,,,no
Gm10778,,Not reviewed,,,,,,no
Zfp940,,Not reviewed,,,,,,no
Tal1,,Not reviewed,,,,,,no
Arid3a,,Not reviewed,,,,,,no
Rela,,Not reviewed,,,,,,no
Pbrm1,,Not reviewed,,,,,,no
Aff4,,Not reviewed,,,,,,no
Hoxa9,,Not reviewed,,,,,,no
Gm4767,,Not reviewed,,,,,,no
Zscan4d,,Not reviewed,,,,,,no
Gabpa,,Not reviewed,,,,,,no
Aff2,,Not reviewed,,,,,,no
Zfp446,,Not reviewed,,,,,,no
Hsf4,,Not reviewed,,,,,,no
Gm14325,,Not reviewed,,,,,,no
Gm14408,,Not reviewed,,,,,,no
Zeb2,,Not reviewed,,,,,,no
Rslcan18,,Not reviewed,,,,,,no
Zfp37,,Not reviewed,,,,,,no
Ppard,,Not reviewed,,,,,,no
Hmgb2,,Not reviewed,,,,,,no
Hoxb1,,Not reviewed,,,,,,no
Zmat3,,Not reviewed,,,,,,no
Insm2,,Not reviewed,,,,,,no
Zfp961,,Not reviewed,,,,,,no
Grhl3,,Not reviewed,,,,,,no
Tgif2lx2,,Not reviewed,,,,,,no
Cdx1,,Not reviewed,,,,,,no
Foxl2,,Not reviewed,,,,,,no
Zfp644,,Not reviewed,,,,,,no
Zbtb48,,Not reviewed,,,,,,no
Gm28363,,Not reviewed,,,,,,no
Kmt2c,,Not reviewed,,,,,,no
Atf5,,Not reviewed,,,,,,no
Zfp53,,Not reviewed,,,,,,no
Isx,,Not reviewed,,,,,,no
Foxf2,,Not reviewed,,,,,,no
Pbx2,,Not reviewed,,,,,,no
Zfp143,,Not reviewed,,,,,,no
Zfp764,,Not reviewed,,,,,,no
Zfp239,,Not reviewed,,,,,,no
Sp2,,Not reviewed,,,,,,no
Zfp955b,,Not reviewed,,,,,,no
Sall3,,Not reviewed,,,,,,no
Myrf,,Not reviewed,,,,,,no
Srebf1,,Not reviewed,,,,,,no
Phox2b,,Not reviewed,,,,,,no
Zfp72,,Not reviewed,,,,,,no
Zfp772,,Not reviewed,,,,,,no
Clock,,Not reviewed,,,,,,no
Dlx5,,Not reviewed,,,,,,no
Sox1,,Not reviewed,,,,,,no
Otx1,,Not reviewed,,,,,,no
Stat5b,,Not reviewed,,,,,,no
Zfp568,,Not reviewed,,,,,,no
Pax5,,Not reviewed,,,,,,no
Bhlhe22,,Not reviewed,,,,,,no
Zfp637,,Not reviewed,,,,,,no
Smad1,,Not reviewed,,,,,,no
Sub1,,Not reviewed,,,,,,no
Nr1h3,,Not reviewed,,,,,,no
Meis3,,Not reviewed,,,,,,no
Sox3,,Not reviewed,,,,,,no
Dbx1,,Not reviewed,,,,,,no
Tulp2,,Not reviewed,,,,,,no
Tgif1,,Not reviewed,,,,,,no
Sp110,,Not reviewed,,,,,,no
Tulp4,,Not reviewed,,,,,,no
Ncor1,,Not reviewed,,,,,,no
Zfp386,,Not reviewed,,,,,,no
Zfp24,,Not reviewed,,,,,,no
Zfp229,,Not reviewed,,,,,,no
Hhex,,Not reviewed,,,,,,no
Gm14393,,Not reviewed,,,,,,no
Emx1,,Not reviewed,,,,,,no
Mlx,,Not reviewed,,,,,,no
Cebpg,,Not reviewed,,,,,,no
Nr1i2,,Not reviewed,,,,,,no
Mef2d,,Not reviewed,,,,,,no
Foxn4,,Not reviewed,,,,,,no
Zfp354c,,Not reviewed,,,,,,no
Zfp934,,Not reviewed,,,,,,no
Zfp397,,Not reviewed,,,,,,no
Myf5,,Not reviewed,,,,,,no
Mlxipl,,Not reviewed,,,,,,no
Id3,,Not reviewed,,,,,,no
Tfe3,,Not reviewed,,,,,,no
Mef2b,,Not reviewed,,,,,,no
Zfp219,,Not reviewed,,,,,,no
Zfp458,,Not reviewed,,,,,,no
Ehf,,Not reviewed,,,,,,no
Zfp994,,Not reviewed,,,,,,no
Rfx4,,Not reviewed,,,,,,no
Npas1,,Not reviewed,,,,,,no
Rere,,Not reviewed,,,,,,no
Pias1,,Not reviewed,,,,,,no
Gm14139,,Not reviewed,,,,,,no
Zfp65,,Not reviewed,,,,,,no
Klf10,,Not reviewed,,,,,,no
Zglp1,,Not reviewed,,,,,,no
Zbed4,,Not reviewed,,,,,,no
Zfp930,,Not reviewed,,,,,,no
Isl2,,Not reviewed,,,,,,no
Zfp960,,Not reviewed,,,,,,no
Zfp809,,Not reviewed,,,,,,no
Bhlhe41,,Not reviewed,,,,,,no
Nr2c1,,Not reviewed,,,,,,no
Gm4631,,Not reviewed,,,,,,no
Zfp292,,Not reviewed,,,,,,no
Sox8,,Not reviewed,,,,,,no
Maff,,Not reviewed,,,,,,no
BC024063,,Not reviewed,,,,,,no
Gm2004,,Not reviewed,,,,,,no
5430403G16Rik,,Not reviewed,,,,,,no
Creb5,,Not reviewed,,,,,,no
Crxos,,Not reviewed,,,,,,no
Gm10139,,Not reviewed,,,,,,no
Msx3,,Not reviewed,,,,,,no
Gcfc2,,Not reviewed,,,,,,no
Zfp641,,Not reviewed,,,,,,no
Arid1a,,Not reviewed,,,,,,no
Zfp607a,,Not reviewed,,,,,,no
Arid2,,Not reviewed,,,,,,no
Nr0b1,,Not reviewed,,,,,,no
Hoxa13,,Not reviewed,,,,,,no
Gm49345,,Not reviewed,,,,,,no
Bhlhe23,,Not reviewed,,,,,,no
Gm21060,,Not reviewed,,,,,,no
Ppara,,Not reviewed,,,,,,no
Litaf,,Not reviewed,,,,,,no
Zscan5b,,Not reviewed,,,,,,no
Rhox2a,,Not reviewed,,,,,,no
Nfe2l1,,Not reviewed,,,,,,no
L3mbtl1,,Not reviewed,,,,,,no
Klf15,,Not reviewed,,,,,,no
Zfp799,,Not reviewed,,,,,,no
Zfp592,,Not reviewed,,,,,,no
Gm28168,,Not reviewed,,,,,,no
Zfp263,,Not reviewed,,,,,,no
Gm21411,,Not reviewed,,,,,,no
Zfp950,,Not reviewed,,,,,,no
Crx,,Not reviewed,,,,,,no
Zfp213,,Not reviewed,,,,,,no
Gsx2,,Not reviewed,,,,,,no
Zfp30,,Not reviewed,,,,,,no
Irf6,,Not reviewed,,,,,,no
Zfp345,,Not reviewed,,,,,,no
Zfp474,,Not reviewed,,,,,,no
Arid4b,,Not reviewed,,,,,,no
Nfix,,Not reviewed,,,,,,no
Creb3l4,,Not reviewed,,,,,,no
Zfp967,,Not reviewed,,,,,,no
Olig2,,Not reviewed,,,,,,no
Wiz,,Not reviewed,,,,,,no
Cdx4,,Not reviewed,,,,,,no
Zmiz2,,Not reviewed,,,,,,no
Zfp735,,Not reviewed,,,,,,no
Zfp189,,Not reviewed,,,,,,no
Prdm10,,Not reviewed,,,,,,no
Zbtb6,,Not reviewed,,,,,,no
Lcorl,,Not reviewed,,,,,,no
Gsc,,Not reviewed,,,,,,no
Hoxb5,,Not reviewed,,,,,,no
Zfp422,,Not reviewed,,,,,,no
Tbx4,,Not reviewed,,,,,,no
Mesp1,,Not reviewed,,,,,,no
Zbed6,,Not reviewed,,,,,,no
Ubtf,,Not reviewed,,,,,,no
Tbx6,,Not reviewed,,,,,,no
Zfp108,,Not reviewed,,,,,,no
Rax,,Not reviewed,,,,,,no
Prop1,,Not reviewed,,,,,,no
Nfxl1,,Not reviewed,,,,,,no
Dbp,,Not reviewed,,,,,,no
Mtf1,,Not reviewed,,,,,,no
Foxk2,,Not reviewed,,,,,,no
Gm6020,,Not reviewed,,,,,,no
Trp53,,Not reviewed,,,,,,no
Mysm1,,Not reviewed,,,,,,no
Esr2,,Not reviewed,,,,,,no
Zfp251,,Not reviewed,,,,,,no
Nkx2-5,,Not reviewed,,,,,,no
Zfp1,,Not reviewed,,,,,,no
Zfp354a,,Not reviewed,,,,,,no
Gm3604,,Not reviewed,,,,,,no
Etv4,,Not reviewed,,,,,,no
Zfp85,,Not reviewed,,,,,,no
Zscan2,,Not reviewed,,,,,,no
Sp4,,Not reviewed,,,,,,no
Hoxb4,,Not reviewed,,,,,,no
Ascl2,,Not reviewed,,,,,,no
Zbtb37,,Not reviewed,,,,,,no
Six4,,Not reviewed,,,,,,no
Nkx6-1,,Not reviewed,,,,,,no
Thap1,,Not reviewed,,,,,,no
Zfp101,,Not reviewed,,,,,,no
Lrrfip1,,Not reviewed,,,,,,no
Zfp39,,Not reviewed,,,,,,no
Gm44505,,Not reviewed,,,,,,no
Alx3,,Not reviewed,,,,,,no
Prdm6,,Not reviewed,,,,,,no
Foxc1,,Not reviewed,,,,,,no
Nr1h2,,Not reviewed,,,,,,no
2210418O10Rik,,Not reviewed,,,,,,no
E430018J23Rik,,Not reviewed,,,,,,no
Vsx1,,Not reviewed,,,,,,no
Hoxa2,,Not reviewed,,,,,,no
Zfp944,,Not reviewed,,,,,,no
Gm14308,,Not reviewed,,,,,,no
Zfp518b,,Not reviewed,,,,,,no
Tfdp1,,Not reviewed,,,,,,no
Zscan4-ps2,,Not reviewed,,,,,,no
Dlx4,,Not reviewed,,,,,,no
Sp5,,Not reviewed,,,,,,no
Lhx8,,Not reviewed,,,,,,no
Zfp740,,Not reviewed,,,,,,no
Zfp658,,Not reviewed,,,,,,no
Ascl1,,Not reviewed,,,,,,no
Ttf1,,Not reviewed,,,,,,no
Rhox3a2,,Not reviewed,,,,,,no
Rhox4e,,Not reviewed,,,,,,no
Dlx1,,Not reviewed,,,,,,no
Zbtb49,,Not reviewed,,,,,,no
Nr6a1,,Not reviewed,,,,,,no
Atf2,,Not reviewed,,,,,,no
Zfp574,,Not reviewed,,,,,,no
Thrb,,Not reviewed,,,,,,no
Osr2,,Not reviewed,,,,,,no
Arid5b,,Not reviewed,,,,,,no
Zfp956,,Not reviewed,,,,,,no
Zfp677,,Not reviewed,,,,,,no
Rhox8,,Not reviewed,,,,,,no
Hoxc12,,Not reviewed,,,,,,no
Zkscan7,,Not reviewed,,,,,,no
Foxd4,,Not reviewed,,,,,,no
Nr2f1,,Not reviewed,,,,,,no
Foxa1,,Not reviewed,,,,,,no
Zfp35,,Not reviewed,,,,,,no
Tbx5,,Not reviewed,,,,,,no
Zfp235,,Not reviewed,,,,,,no
Junb,,Not reviewed,,,,,,no
Zfp937,,Not reviewed,,,,,,no
Ybx3,,Not reviewed,,,,,,no
Zfp61,,Not reviewed,,,,,,no
Sox11,,Not reviewed,,,,,,no
Rfx2,,Not reviewed,,,,,,no
Prdm12,,Not reviewed,,,,,,no
Zfp668,,Not reviewed,,,,,,no
Gm14406,,Not reviewed,,,,,,no
Mbd1,,Not reviewed,,,,,,no
Zfp382,,Not reviewed,,,,,,no
Tshz2,,Not reviewed,,,,,,no
Cdip1,,Not reviewed,,,,,,no
Rhox13,,Not reviewed,,,,,,no
Mecp2,,Not reviewed,,,,,,no
Foxr2,,Not reviewed,,,,,,no
Gm6710,,Not reviewed,,,,,,no
Irx5,,Not reviewed,,,,,,no
Glis3,,Not reviewed,,,,,,no
Arid4a,,Not reviewed,,,,,,no
Thap11,,Not reviewed,,,,,,no
Zfp407,,Not reviewed,,,,,,no
Prrx2,,Not reviewed,,,,,,no
Zfp712,,Not reviewed,,,,,,no
Atf6b,,Not reviewed,,,,,,no
Zfp991,,Not reviewed,,,,,,no
Zfp758,,Not reviewed,,,,,,no
Zfp57,,Not reviewed,,,,,,no
Tcf25,,Not reviewed,,,,,,no
Tax1bp1,,Not reviewed,,,,,,no
Khsrp,,Not reviewed,,,,,,no
Zfp318,,Not reviewed,,,,,,no
Zfp207,,Not reviewed,,,,,,no
Plek,,Not reviewed,,,,,,no
Yeats4,,Not reviewed,,,,,,no
Nme2,,Not reviewed,,,,,,no
Hif1a,,Not reviewed,,,,,,no
Maf1,,Not reviewed,,,,,,no
Son,,Not reviewed,,,,,,no
Cebpz,,Not reviewed,,,,,,no
Epas1,,Not reviewed,,,,,,no
Setbp1,,Not reviewed,,,,,,no
Zfp511,,Not reviewed,,,,,,no
Cpeb1,,Not reviewed,,,,,,no
Carf,,Not reviewed,,,,,,no
Ahctf1,,Not reviewed,,,,,,no
Blzf1,,Not reviewed,,,,,,no
Mllt10,,Not reviewed,,,,,,no
Myef2,,Not reviewed,,,,,,no
Gabpb1,,Not reviewed,,,,,,no
Rbck1,,Not reviewed,,,,,,no
Zgpat,,Not reviewed,,,,,,no
Xpa,,Not reviewed,,,,,,no
Casz1,,Not reviewed,,,,,,no
Zfp326,,Not reviewed,,,,,,no
Cnbp,,Not reviewed,,,,,,no
Tmf1,,Not reviewed,,,,,,no
Dmrtc1a,,Not reviewed,,,,,,no
Plscr1,,Not reviewed,,,,,,no
Ltf,,Not reviewed,,,,,,no
Crebl2,,Not reviewed,,,,,,no
Gpbp1,,Not reviewed,,,,,,no
Gpbp1l1,,Not reviewed,,,,,,no
Zfp395,,Not reviewed,,,,,,no
Fam170a,,Not reviewed,,,,,,no
Thyn1,,Not reviewed,,,,,,no
Rfxank,,Not reviewed,,,,,,no
Cc2d1a,,Not reviewed,,,,,,no
Zfp280c,,Not reviewed,,,,,,no
Tfb1m,,Not reviewed,,,,,,no
Capn15,,Not reviewed,,,,,,no
Bclaf1,,Not reviewed,,,,,,no
Parp12,,Not reviewed,,,,,,no
Zfp280d,,Not reviewed,,,,,,no
Gabpb2,,Not reviewed,,,,,,no
Phb,,Not reviewed,,,,,,no
Zfp503,,Not reviewed,,,,,,no
L3mbtl3,,Not reviewed,,,,,,no
Akna,,Not reviewed,,,,,,no
Ciz1,,Not reviewed,,,,,,no
Zfp750,,Not reviewed,,,,,,no
Smarcal1,,Not reviewed,,,,,,no
Znfx1,,Not reviewed,,,,,,no
Zfp609,,Not reviewed,,,,,,no
Tet2,,Not reviewed,,,,,,no
Nfrkb,,Not reviewed,,,,,,no
Mideas,,Not reviewed,,,,,,no
Pura,,Not reviewed,,,,,,no
Nkrf,,Not reviewed,,,,,,no
Zfp488,,Not reviewed,,,,,,no
Preb,,Not reviewed,,,,,,no
Spz1,,Not reviewed,,,,,,no
Crebrf,,Not reviewed,,,,,,no
Purg,,Not reviewed,,,,,,no
Zfp280b,,Not reviewed,,,,,,no
Tcf19,,Not reviewed,,,,,,no
Zfp608,,Not reviewed,,,,,,no
Adnp2,,Not reviewed,,,,,,no
Gon4l,,Not reviewed,,,,,,no
Phtf1,,Not reviewed,,,,,,no
Rag1,,Not reviewed,,,,,,no
Zfp706,,Not reviewed,,,,,,no
D630045J12Rik,,Not reviewed,,,,,,no
Lyar,,Not reviewed,,,,,,no
Prdm11,,Not reviewed,,,,,,no
Purb,,Not reviewed,,,,,,no
Nr3c1,24937701,Unknown,,Ubiquitous gene / House keeping gene,,,,yes
Rreb1,,Unknown,,,,,,yes
Bdp1,28743884,Unknown,,,Ubiquitous gene/house-keeping gene,,,yes
